{"cameraMode":{"drawMode":0,"name":"Shaded","section":"Shading Mode"},"sceneLighting":false,"audioPlay":false,"sceneViewState":{"showFog":true,"showMaterialUpdate":true,"showSkybox":false,"showFlares":true,"showImageEffects":true,"showParticleSystems":true,"showVisualEffectGraphs":true,"m_FxEnabled":true},"in2DMode":false,"pivot":{"x":0.22751455008983613,"y":0.21286368370056153,"z":-0.2105950117111206},"rotation":{"x":-0.0048381187953054909,"y":0.9896892309188843,"z":-0.13897348940372468,"w":-0.034454021602869037},"size":0.364124596118927,"orthographic":false}