{"cameraMode":{"drawMode":0,"name":"Shaded","section":"Shading Mode"},"sceneLighting":false,"audioPlay":false,"sceneViewState":{"showFog":true,"showMaterialUpdate":true,"showSkybox":false,"showFlares":true,"showImageEffects":true,"showParticleSystems":true,"showVisualEffectGraphs":true,"m_FxEnabled":true},"in2DMode":false,"pivot":{"x":0.04507565498352051,"y":0.020560022443532945,"z":-0.07228803634643555},"rotation":{"x":0.45058774948120119,"y":0.5467408895492554,"z":-0.4603717625141144,"w":0.5349845886230469},"size":1.89918053150177,"orthographic":false}