{"cameraMode":{"drawMode":0,"name":"Shaded","section":"Shading Mode"},"sceneLighting":false,"audioPlay":false,"sceneViewState":{"showFog":true,"showMaterialUpdate":true,"showSkybox":false,"showFlares":true,"showImageEffects":true,"showParticleSystems":true,"showVisualEffectGraphs":true,"m_FxEnabled":true},"in2DMode":false,"pivot":{"x":0.041180431842803958,"y":1.6067544221878052,"z":5.776343822479248},"rotation":{"x":0.32485663890838625,"y":0.6412165760993958,"z":-0.34515878558158877,"w":0.6034910678863525},"size":3.6768412590026857,"orthographic":false}