{"cameraMode":{"drawMode":0,"name":"Shaded","section":"Shading Mode"},"sceneLighting":false,"audioPlay":false,"sceneViewState":{"showFog":true,"showMaterialUpdate":true,"showSkybox":false,"showFlares":true,"showImageEffects":true,"showParticleSystems":true,"showVisualEffectGraphs":true,"m_FxEnabled":true},"in2DMode":false,"pivot":{"x":-0.020044684410095216,"y":0.3035648763179779,"z":0.0022062063217163088},"rotation":{"x":0.4599878787994385,"y":0.5372961163520813,"z":-0.46164512634277346,"w":0.5353687405586243},"size":0.8795125484466553,"orthographic":false}