{"cameraMode":{"drawMode":0,"name":"Shaded","section":"Shading Mode"},"sceneLighting":false,"audioPlay":false,"sceneViewState":{"showFog":true,"showMaterialUpdate":true,"showSkybox":false,"showFlares":true,"showImageEffects":true,"showParticleSystems":true,"showVisualEffectGraphs":true,"m_FxEnabled":true},"in2DMode":false,"pivot":{"x":-0.0009766817092895508,"y":0.2469254434108734,"z":1.1920928955078126e-7},"rotation":{"x":0.45058774948120119,"y":0.5467408895492554,"z":-0.4603717625141144,"w":0.5349845886230469},"size":0.688957154750824,"orthographic":false}