{"cameraMode":{"drawMode":0,"name":"Shaded","section":"Shading Mode"},"sceneLighting":false,"audioPlay":false,"sceneViewState":{"showFog":true,"showMaterialUpdate":true,"showSkybox":false,"showFlares":true,"showImageEffects":true,"showParticleSystems":true,"showVisualEffectGraphs":true,"m_FxEnabled":true},"in2DMode":false,"pivot":{"x":0.05498623847961426,"y":-1.7913817167282105,"z":-0.27802401781082156},"rotation":{"x":0.07434826344251633,"y":0.5232241749763489,"z":-0.046152565628290179,"w":0.8478319644927979},"size":2.138110399246216,"orthographic":false}