{"cameraMode":{"drawMode":0,"name":"Shaded","section":"Shading Mode"},"sceneLighting":false,"audioPlay":false,"sceneViewState":{"showFog":true,"showMaterialUpdate":true,"showSkybox":false,"showFlares":true,"showImageEffects":true,"showParticleSystems":true,"showVisualEffectGraphs":true,"m_FxEnabled":true},"in2DMode":false,"pivot":{"x":0.00412040576338768,"y":0.03907802700996399,"z":0.0021585896611213686},"rotation":{"x":-0.3577295243740082,"y":-0.5927914977073669,"z":0.330661416053772,"w":-0.6413331031799316},"size":0.2630496323108673,"orthographic":false}