{"cameraMode":{"drawMode":0,"name":"Shaded","section":"Shading Mode"},"sceneLighting":false,"audioPlay":false,"sceneViewState":{"showFog":true,"showMaterialUpdate":true,"showSkybox":false,"showFlares":true,"showImageEffects":true,"showParticleSystems":true,"showVisualEffectGraphs":true,"m_FxEnabled":true},"in2DMode":false,"pivot":{"x":0.0017595738172531129,"y":0.20923131704330445,"z":0.03449343517422676},"rotation":{"x":0.5156584978103638,"y":0.44819509983062746,"z":-0.36564740538597109,"w":0.6320816278457642},"size":0.2583032250404358,"orthographic":false}