{"cameraMode":{"drawMode":0,"name":"Shaded","section":"Shading Mode"},"sceneLighting":false,"audioPlay":false,"sceneViewState":{"showFog":true,"showMaterialUpdate":true,"showSkybox":false,"showFlares":true,"showImageEffects":true,"showParticleSystems":true,"showVisualEffectGraphs":true,"m_FxEnabled":true},"in2DMode":false,"pivot":{"x":0.0010595321655273438,"y":0.454017698764801,"z":0.0001739710569381714},"rotation":{"x":0.45058774948120119,"y":0.5467408895492554,"z":-0.4603717625141144,"w":0.5349845886230469},"size":0.4597962200641632,"orthographic":false}