{"cameraMode":{"drawMode":0,"name":"Shaded","section":"Shading Mode"},"sceneLighting":false,"audioPlay":false,"sceneViewState":{"showFog":true,"showMaterialUpdate":true,"showSkybox":false,"showFlares":true,"showImageEffects":true,"showParticleSystems":true,"showVisualEffectGraphs":true,"m_FxEnabled":true},"in2DMode":false,"pivot":{"x":0.03591689467430115,"y":0.291358083486557,"z":0.017607778310775758},"rotation":{"x":0.45058774948120119,"y":0.5467408895492554,"z":-0.4603717625141144,"w":0.5349845886230469},"size":0.3672886788845062,"orthographic":false}