{"cameraMode":{"drawMode":0,"name":"Shaded","section":"Shading Mode"},"sceneLighting":false,"audioPlay":false,"sceneViewState":{"showFog":true,"showMaterialUpdate":true,"showSkybox":false,"showFlares":true,"showImageEffects":true,"showParticleSystems":true,"showVisualEffectGraphs":true,"m_FxEnabled":true},"in2DMode":false,"pivot":{"x":1.8788050413131714,"y":2.044318914413452,"z":-0.9658150672912598},"rotation":{"x":-0.005945279262959957,"y":-0.9928033351898193,"z":0.05576476454734802,"w":-0.10584262013435364},"size":2.7779715061187746,"orthographic":false}