{"cameraMode":{"drawMode":0,"name":"Shaded","section":"Shading Mode"},"sceneLighting":false,"audioPlay":false,"sceneViewState":{"showFog":true,"showMaterialUpdate":true,"showSkybox":false,"showFlares":true,"showImageEffects":true,"showParticleSystems":true,"showVisualEffectGraphs":true,"m_FxEnabled":true},"in2DMode":false,"pivot":{"x":-0.9635815024375916,"y":1.8333985805511475,"z":-0.2677154541015625},"rotation":{"x":0.000988289131782949,"y":0.9986787438392639,"z":-0.020987363532185556,"w":0.04737517982721329},"size":2.157317638397217,"orthographic":false}