{"cameraMode":{"drawMode":0,"name":"Shaded","section":"Shading Mode"},"sceneLighting":false,"audioPlay":false,"sceneViewState":{"showFog":true,"showMaterialUpdate":true,"showSkybox":false,"showFlares":true,"showImageEffects":true,"showParticleSystems":true,"showVisualEffectGraphs":true,"m_FxEnabled":true},"in2DMode":false,"pivot":{"x":-0.7231971025466919,"y":-0.11490032076835633,"z":0.31885483860969546},"rotation":{"x":0.1775963008403778,"y":0.5710500478744507,"z":-0.12818029522895814,"w":0.7911658883094788},"size":1.778098702430725,"orthographic":false}