{"cameraMode":{"drawMode":0,"name":"Shaded","section":"Shading Mode"},"sceneLighting":false,"audioPlay":false,"sceneViewState":{"showFog":true,"showMaterialUpdate":true,"showSkybox":false,"showFlares":true,"showImageEffects":true,"showParticleSystems":true,"showVisualEffectGraphs":true,"m_FxEnabled":true},"in2DMode":false,"pivot":{"x":7.519852161407471,"y":1.8893847465515137,"z":11.346713066101075},"rotation":{"x":0.17480628192424775,"y":0.4219810366630554,"z":-0.08367334306240082,"w":0.8857905268669128},"size":0.34733161330223086,"orthographic":false}