{"cameraMode":{"drawMode":0,"name":"Shaded","section":"Shading Mode"},"sceneLighting":false,"audioPlay":false,"sceneViewState":{"showFog":true,"showMaterialUpdate":true,"showSkybox":false,"showFlares":true,"showImageEffects":true,"showParticleSystems":true,"showVisualEffectGraphs":true,"m_FxEnabled":true},"in2DMode":false,"pivot":{"x":1.5192641019821168,"y":1.3252378702163697,"z":-0.30562353134155276},"rotation":{"x":-0.0009639835334382951,"y":-0.997363805770874,"z":0.013477134518325329,"w":-0.07162852585315705},"size":4.3338189125061039,"orthographic":false}