{"cameraMode":{"drawMode":0,"name":"Shaded","section":"Shading Mode"},"sceneLighting":false,"audioPlay":false,"sceneViewState":{"showFog":true,"showMaterialUpdate":true,"showSkybox":false,"showFlares":true,"showImageEffects":true,"showParticleSystems":true,"showVisualEffectGraphs":true,"m_FxEnabled":true},"in2DMode":false,"pivot":{"x":-0.020924292504787446,"y":0.20371946692466737,"z":-0.0070881955325603489},"rotation":{"x":0.5303117632865906,"y":0.4389245808124542,"z":-0.3748437166213989,"w":0.6209796667098999},"size":0.2494848519563675,"orthographic":false}