{"cameraMode":{"drawMode":0,"name":"Shaded","section":"Shading Mode"},"sceneLighting":false,"audioPlay":false,"sceneViewState":{"showFog":true,"showMaterialUpdate":true,"showSkybox":false,"showFlares":true,"showImageEffects":true,"showParticleSystems":true,"showVisualEffectGraphs":true,"m_FxEnabled":true},"in2DMode":false,"pivot":{"x":-0.7811349630355835,"y":-0.968874454498291,"z":0.12813013792037965},"rotation":{"x":0.39477840065956118,"y":0.46109268069267275,"z":-0.24071021378040315,"w":0.7575244903564453},"size":4.050403594970703,"orthographic":false}