{"cameraMode":{"drawMode":0,"name":"Shaded","section":"Shading Mode"},"sceneLighting":false,"audioPlay":false,"sceneViewState":{"showFog":true,"showMaterialUpdate":true,"showSkybox":false,"showFlares":true,"showImageEffects":true,"showParticleSystems":true,"showVisualEffectGraphs":true,"m_FxEnabled":true},"in2DMode":false,"pivot":{"x":0.1644749641418457,"y":0.27433884143829348,"z":0.21830737590789796},"rotation":{"x":0.07130972295999527,"y":0.5080761313438416,"z":-0.042520131915807727,"w":0.8574421405792236},"size":1.403057336807251,"orthographic":false}