{"cameraMode":{"drawMode":0,"name":"Shaded","section":"Shading Mode"},"sceneLighting":false,"audioPlay":false,"sceneViewState":{"showFog":true,"showMaterialUpdate":true,"showSkybox":false,"showFlares":true,"showImageEffects":true,"showParticleSystems":true,"showVisualEffectGraphs":true,"m_FxEnabled":true},"in2DMode":false,"pivot":{"x":0.009508855640888214,"y":2.6334383487701418,"z":-0.5092511177062988},"rotation":{"x":-0.006994797848165035,"y":-0.9921010732650757,"z":0.06468715518712998,"w":-0.1072731763124466},"size":2.4852375984191896,"orthographic":false}