{"cameraMode":{"drawMode":0,"name":"Shaded","section":"Shading Mode"},"sceneLighting":false,"audioPlay":false,"sceneViewState":{"showFog":true,"showMaterialUpdate":true,"showSkybox":false,"showFlares":true,"showImageEffects":true,"showParticleSystems":true,"showVisualEffectGraphs":true,"m_FxEnabled":true},"in2DMode":false,"pivot":{"x":-0.02800118923187256,"y":1.0963044166564942,"z":0.0024409890174865724},"rotation":{"x":0.25785088539123537,"y":0.741606593132019,"z":-0.45370665192604067,"w":0.42159971594810488},"size":1.9260993003845215,"orthographic":false}