{"cameraMode":{"drawMode":0,"name":"Shaded","section":"Shading Mode"},"sceneLighting":false,"audioPlay":false,"sceneViewState":{"showFog":true,"showMaterialUpdate":true,"showSkybox":false,"showFlares":true,"showImageEffects":true,"showParticleSystems":true,"showVisualEffectGraphs":true,"m_FxEnabled":true},"in2DMode":false,"pivot":{"x":0.0000011920928955078126,"y":0.9999999403953552,"z":1.7881393432617188e-7},"rotation":{"x":-0.2865906357765198,"y":-0.6485415697097778,"z":0.2756332755088806,"w":-0.6501066088676453},"size":1.2247449159622193,"orthographic":false}