{"cameraMode":{"drawMode":0,"name":"Shaded","section":"Shading Mode"},"sceneLighting":false,"audioPlay":false,"sceneViewState":{"showFog":true,"showMaterialUpdate":true,"showSkybox":false,"showFlares":true,"showImageEffects":true,"showParticleSystems":true,"showVisualEffectGraphs":true,"m_FxEnabled":true},"in2DMode":false,"pivot":{"x":10.815242767333985,"y":1.715667724609375,"z":10.165054321289063},"rotation":{"x":0.11402710527181626,"y":0.6095244288444519,"z":-0.0895938128232956,"w":0.7795520424842835},"size":0.40769684314727785,"orthographic":false}