{"cameraMode":{"drawMode":0,"name":"Shaded","section":"Shading Mode"},"sceneLighting":false,"audioPlay":false,"sceneViewState":{"showFog":true,"showMaterialUpdate":true,"showSkybox":false,"showFlares":true,"showImageEffects":true,"showParticleSystems":true,"showVisualEffectGraphs":true,"m_FxEnabled":true},"in2DMode":false,"pivot":{"x":-0.005514033138751984,"y":0.034308336675167087,"z":-0.0037521347403526308},"rotation":{"x":-0.3577295243740082,"y":-0.5927914977073669,"z":0.330661416053772,"w":-0.6413331031799316},"size":0.2637041509151459,"orthographic":false}