{"cameraMode":{"drawMode":0,"name":"Shaded","section":"Shading Mode"},"sceneLighting":false,"audioPlay":false,"sceneViewState":{"showFog":true,"showMaterialUpdate":true,"showSkybox":false,"showFlares":true,"showImageEffects":true,"showParticleSystems":true,"showVisualEffectGraphs":true,"m_FxEnabled":true},"in2DMode":false,"pivot":{"x":6.923412322998047,"y":1.9467287063598633,"z":9.408689498901368},"rotation":{"x":0.17480628192424775,"y":0.4219810366630554,"z":-0.08367334306240082,"w":0.8857905268669128},"size":0.30381250381469729,"orthographic":false}