{"cameraMode":{"drawMode":0,"name":"Shaded","section":"Shading Mode"},"sceneLighting":false,"audioPlay":false,"sceneViewState":{"showFog":true,"showMaterialUpdate":true,"showSkybox":false,"showFlares":true,"showImageEffects":true,"showParticleSystems":true,"showVisualEffectGraphs":true,"m_FxEnabled":true},"in2DMode":false,"pivot":{"x":0.6413931250572205,"y":1.105273723602295,"z":0.14039677381515504},"rotation":{"x":0.03029034286737442,"y":0.9361681938171387,"z":-0.0833645761013031,"w":0.34024640917778017},"size":1.8559489250183106,"orthographic":false}