{"cameraMode":{"drawMode":0,"name":"Shaded","section":"Shading Mode"},"sceneLighting":true,"audioPlay":false,"sceneViewState":{"showFog":true,"showMaterialUpdate":true,"showSkybox":false,"showFlares":true,"showImageEffects":true,"showParticleSystems":true,"showVisualEffectGraphs":true,"m_FxEnabled":true},"in2DMode":false,"pivot":{"x":7.455034255981445,"y":0.23210155963897706,"z":3.401658058166504},"rotation":{"x":-0.12388856709003449,"y":-0.011908546090126038,"z":0.0014894274063408375,"w":-0.99225914478302},"size":4.332493782043457,"orthographic":false}