{"cameraMode":{"drawMode":0,"name":"Shaded","section":"Shading Mode"},"sceneLighting":false,"audioPlay":false,"sceneViewState":{"showFog":true,"showMaterialUpdate":true,"showSkybox":false,"showFlares":true,"showImageEffects":true,"showParticleSystems":true,"showVisualEffectGraphs":true,"m_FxEnabled":true},"in2DMode":false,"pivot":{"x":-41.81864547729492,"y":0.058002471923828128,"z":4.004429817199707},"rotation":{"x":-0.32165828347206118,"y":-0.6409374475479126,"z":0.33873480558395388,"w":-0.6091696619987488},"size":12.106213569641114,"orthographic":false}