{"cameraMode":{"drawMode":0,"name":"Shaded","section":"Shading Mode"},"sceneLighting":false,"audioPlay":false,"sceneViewState":{"showFog":true,"showMaterialUpdate":true,"showSkybox":false,"showFlares":true,"showImageEffects":true,"showParticleSystems":true,"showVisualEffectGraphs":true,"m_FxEnabled":true},"in2DMode":false,"pivot":{"x":0.05965542793273926,"y":0.39028599858283999,"z":-0.01033872365951538},"rotation":{"x":0.4913344085216522,"y":0.5042253136634827,"z":-0.4531310200691223,"w":0.5468773245811462},"size":2.2299323081970217,"orthographic":false}