{"cameraMode":{"drawMode":0,"name":"Shaded","section":"Shading Mode"},"sceneLighting":false,"audioPlay":false,"sceneViewState":{"showFog":true,"showMaterialUpdate":true,"showSkybox":false,"showFlares":true,"showImageEffects":true,"showParticleSystems":true,"showVisualEffectGraphs":true,"m_FxEnabled":true},"in2DMode":false,"pivot":{"x":0.046958208084106448,"y":0.4060324430465698,"z":-0.024211406707763673},"rotation":{"x":0.4913344085216522,"y":0.5042253136634827,"z":-0.4531310200691223,"w":0.5468773245811462},"size":1.2563191652297974,"orthographic":false}