{"cameraMode":{"drawMode":0,"name":"Shaded","section":"Shading Mode"},"sceneLighting":false,"audioPlay":false,"sceneViewState":{"showFog":true,"showMaterialUpdate":true,"showSkybox":false,"showFlares":true,"showImageEffects":true,"showParticleSystems":true,"showVisualEffectGraphs":true,"m_FxEnabled":true},"in2DMode":false,"pivot":{"x":10.391987800598145,"y":1.7365610599517823,"z":9.585800170898438},"rotation":{"x":0.11402710527181626,"y":0.6095244288444519,"z":-0.0895938128232956,"w":0.7795520424842835},"size":0.12582820653915406,"orthographic":false}