{"cameraMode":{"drawMode":0,"name":"Shaded","section":"Shading Mode"},"sceneLighting":false,"audioPlay":false,"sceneViewState":{"showFog":true,"showMaterialUpdate":true,"showSkybox":false,"showFlares":true,"showImageEffects":true,"showParticleSystems":true,"showVisualEffectGraphs":true,"m_FxEnabled":true},"in2DMode":false,"pivot":{"x":0.029217243194580079,"y":0.12298184633255005,"z":0.002219676971435547},"rotation":{"x":0.07434826344251633,"y":0.5232241749763489,"z":-0.046152565628290179,"w":0.8478319644927979},"size":1.9337619543075562,"orthographic":false}