{"cameraMode":{"drawMode":0,"name":"Shaded","section":"Shading Mode"},"sceneLighting":false,"audioPlay":false,"sceneViewState":{"showFog":true,"showMaterialUpdate":true,"showSkybox":false,"showFlares":true,"showImageEffects":true,"showParticleSystems":true,"showVisualEffectGraphs":true,"m_FxEnabled":true},"in2DMode":false,"pivot":{"x":0.04068373143672943,"y":0.27723896503448489,"z":0.05001843720674515},"rotation":{"x":0.49170440435409548,"y":0.505506694316864,"z":-0.4618953764438629,"w":0.5380036234855652},"size":0.604534924030304,"orthographic":false}