{"cameraMode":{"drawMode":0,"name":"Shaded","section":"Shading Mode"},"sceneLighting":false,"audioPlay":false,"sceneViewState":{"showFog":true,"showMaterialUpdate":true,"showSkybox":false,"showFlares":true,"showImageEffects":true,"showParticleSystems":true,"showVisualEffectGraphs":true,"m_FxEnabled":true},"in2DMode":false,"pivot":{"x":-0.0027494430541992189,"y":0.4614076316356659,"z":-0.0011920928955078126},"rotation":{"x":0.43974769115448,"y":0.3537382483482361,"z":-0.19384904205799104,"w":0.8024501204490662},"size":0.9129132628440857,"orthographic":false}