{"cameraMode":{"drawMode":0,"name":"Shaded","section":"Shading Mode"},"sceneLighting":false,"audioPlay":false,"sceneViewState":{"showFog":true,"showMaterialUpdate":true,"showSkybox":false,"showFlares":true,"showImageEffects":true,"showParticleSystems":true,"showVisualEffectGraphs":true,"m_FxEnabled":true},"in2DMode":false,"pivot":{"x":-0.031237579882144929,"y":0.021432161331176759,"z":-0.000527646392583847},"rotation":{"x":0.5572475790977478,"y":0.39593979716300967,"z":-0.34226468205451968,"w":0.644647479057312},"size":0.25832176208496096,"orthographic":false}