{"cameraMode":{"drawMode":0,"name":"Shaded","section":"Shading Mode"},"sceneLighting":false,"audioPlay":false,"sceneViewState":{"showFog":true,"showMaterialUpdate":true,"showSkybox":false,"showFlares":true,"showImageEffects":true,"showParticleSystems":true,"showVisualEffectGraphs":true,"m_FxEnabled":true},"in2DMode":false,"pivot":{"x":-0.015354037284851075,"y":1.0963044166564942,"z":-0.002721726894378662},"rotation":{"x":0.07434826344251633,"y":0.5232241749763489,"z":-0.046152565628290179,"w":0.8478319644927979},"size":1.9002933502197266,"orthographic":false}