{"cameraMode":{"drawMode":0,"name":"Shaded","section":"Shading Mode"},"sceneLighting":false,"audioPlay":false,"sceneViewState":{"showFog":true,"showMaterialUpdate":true,"showSkybox":false,"showFlares":true,"showImageEffects":true,"showParticleSystems":true,"showVisualEffectGraphs":true,"m_FxEnabled":true},"in2DMode":false,"pivot":{"x":-0.009091019630432129,"y":0.28366243839263918,"z":0.11952199041843414},"rotation":{"x":0.3435453176498413,"y":0.5033444166183472,"z":-0.22769102454185487,"w":0.7594645619392395},"size":0.2583032250404358,"orthographic":false}